{
    "accuracy": 0.99,
    "precision": 1.0,
    "recall": 0.9787234042553191,
    "f1_score": 0.989247311827957
}